designs,synID,prediction,actual
wb_dma,1387,0.069394775,-0.84353805
wb_dma,1058,0.070464015,0.92767835
wb_dma,1123,0.07295376,-0.07146934
wb_dma,1025,0.07475678,0.08748598
wb_dma,1250,0.07492289,0.13290179
wb_dma,1494,0.07555838,-0.5256274
wb_dma,1253,0.07644382,-0.16230094
wb_dma,1259,0.07654354,1.0639257
